<?xml version="1.0" encoding="utf-8"?>
<odoo>
	<data>
		<record id="tax_tag_303" model="account.account.tag">
			<field name="name">303</field>
			<field name="applicability">taxes</field>
			<field name="country_id" ref="base.ec"/>
		</record>
		<record id="tax_tag_304" model="account.account.tag">
			<field name="name">304</field>
			<field name="applicability">taxes</field>
			<field name="country_id" ref="base.ec"/>
		</record>
		<record id="tax_tag_307" model="account.account.tag">
			<field name="name">307</field>
			<field name="applicability">taxes</field>
			<field name="country_id" ref="base.ec"/>
		</record>
		<record id="tax_tag_308" model="account.account.tag">
			<field name="name">308</field>
			<field name="applicability">taxes</field>
			<field name="country_id" ref="base.ec"/>
		</record>
		<record id="tax_tag_309" model="account.account.tag">
			<field name="name">309</field>
			<field name="applicability">taxes</field>
			<field name="country_id" ref="base.ec"/>
		</record>
		<record id="tax_tag_310" model="account.account.tag">
			<field name="name">310</field>
			<field name="applicability">taxes</field>
			<field name="country_id" ref="base.ec"/>
		</record>
		<record id="tax_tag_311" model="account.account.tag">
			<field name="name">311</field>
			<field name="applicability">taxes</field>
			<field name="country_id" ref="base.ec"/>
		</record>
		<record id="tax_tag_312" model="account.account.tag">
			<field name="name">312</field>
			<field name="applicability">taxes</field>
			<field name="country_id" ref="base.ec"/>
		</record>
		<record id="tax_tag_314" model="account.account.tag">
			<field name="name">314</field>
			<field name="applicability">taxes</field>
			<field name="country_id" ref="base.ec"/>
		</record>
		<record id="tax_tag_319" model="account.account.tag">
			<field name="name">319</field>
			<field name="applicability">taxes</field>
			<field name="country_id" ref="base.ec"/>
		</record>
		<record id="tax_tag_320" model="account.account.tag">
			<field name="name">320</field>
			<field name="applicability">taxes</field>
			<field name="country_id" ref="base.ec"/>
		</record>
		<record id="tax_tag_322" model="account.account.tag">
			<field name="name">322</field>
			<field name="applicability">taxes</field>
			<field name="country_id" ref="base.ec"/>
		</record>
		<record id="tax_tag_323" model="account.account.tag">
			<field name="name">323</field>
			<field name="applicability">taxes</field>
			<field name="country_id" ref="base.ec"/>
		</record>
		<record id="tax_tag_324" model="account.account.tag">
			<field name="name">324</field>
			<field name="applicability">taxes</field>
			<field name="country_id" ref="base.ec"/>
		</record>
		<record id="tax_tag_325" model="account.account.tag">
			<field name="name">325</field>
			<field name="applicability">taxes</field>
			<field name="country_id" ref="base.ec"/>
		</record>
		<record id="tax_tag_326" model="account.account.tag">
			<field name="name">326</field>
			<field name="applicability">taxes</field>
			<field name="country_id" ref="base.ec"/>
		</record>
		<record id="tax_tag_327" model="account.account.tag">
			<field name="name">327</field>
			<field name="applicability">taxes</field>
			<field name="country_id" ref="base.ec"/>
		</record>
		<record id="tax_tag_328" model="account.account.tag">
			<field name="name">328</field>
			<field name="applicability">taxes</field>
			<field name="country_id" ref="base.ec"/>
		</record>
		<record id="tax_tag_329" model="account.account.tag">
			<field name="name">329</field>
			<field name="applicability">taxes</field>
			<field name="country_id" ref="base.ec"/>
		</record>
		<record id="tax_tag_330" model="account.account.tag">
			<field name="name">330</field>
			<field name="applicability">taxes</field>
			<field name="country_id" ref="base.ec"/>
		</record>
		<record id="tax_tag_331" model="account.account.tag">
			<field name="name">331</field>
			<field name="applicability">taxes</field>
			<field name="country_id" ref="base.ec"/>
		</record>
		<record id="tax_tag_332" model="account.account.tag">
			<field name="name">332</field>
			<field name="applicability">taxes</field>
			<field name="country_id" ref="base.ec"/>
		</record>
		<record id="tax_tag_333" model="account.account.tag">
			<field name="name">333</field>
			<field name="applicability">taxes</field>
			<field name="country_id" ref="base.ec"/>
		</record>
		<record id="tax_tag_334" model="account.account.tag">
			<field name="name">334</field>
			<field name="applicability">taxes</field>
			<field name="country_id" ref="base.ec"/>
		</record>
		<record id="tax_tag_335" model="account.account.tag">
			<field name="name">335</field>
			<field name="applicability">taxes</field>
			<field name="country_id" ref="base.ec"/>
		</record>
		<record id="tax_tag_336" model="account.account.tag">
			<field name="name">336</field>
			<field name="applicability">taxes</field>
			<field name="country_id" ref="base.ec"/>
		</record>
		<record id="tax_tag_337" model="account.account.tag">
			<field name="name">337</field>
			<field name="applicability">taxes</field>
			<field name="country_id" ref="base.ec"/>
		</record>
		<record id="tax_tag_338" model="account.account.tag">
			<field name="name">338</field>
			<field name="applicability">taxes</field>
			<field name="country_id" ref="base.ec"/>
		</record>
		<record id="tax_tag_339" model="account.account.tag">
			<field name="name">339</field>
			<field name="applicability">taxes</field>
			<field name="country_id" ref="base.ec"/>
		</record>
		<record id="tax_tag_340" model="account.account.tag">
			<field name="name">340</field>
			<field name="applicability">taxes</field>
			<field name="country_id" ref="base.ec"/>
		</record>
		<record id="tax_tag_341" model="account.account.tag">
			<field name="name">341</field>
			<field name="applicability">taxes</field>
			<field name="country_id" ref="base.ec"/>
		</record>
		<record id="tax_tag_342" model="account.account.tag">
			<field name="name">342</field>
			<field name="applicability">taxes</field>
			<field name="country_id" ref="base.ec"/>
		</record>
		<record id="tax_tag_343" model="account.account.tag">
			<field name="name">343</field>
			<field name="applicability">taxes</field>
			<field name="country_id" ref="base.ec"/>
		</record>
		<record id="tax_tag_344" model="account.account.tag">
			<field name="name">344</field>
			<field name="applicability">taxes</field>
			<field name="country_id" ref="base.ec"/>
		</record>
		<record id="tax_tag_3440" model="account.account.tag">
			<field name="name">3440</field>
			<field name="applicability">taxes</field>
			<field name="country_id" ref="base.ec"/>
		</record>
		<record id="tax_tag_346" model="account.account.tag">
			<field name="name">346</field>
			<field name="applicability">taxes</field>
			<field name="country_id" ref="base.ec"/>
		</record>
		<record id="tax_tag_353" model="account.account.tag">
			<field name="name">353</field>
			<field name="applicability">taxes</field>
			<field name="country_id" ref="base.ec"/>
		</record>
		<record id="tax_tag_354" model="account.account.tag">
			<field name="name">354</field>
			<field name="applicability">taxes</field>
			<field name="country_id" ref="base.ec"/>
		</record>
		<record id="tax_tag_357" model="account.account.tag">
			<field name="name">357</field>
			<field name="applicability">taxes</field>
			<field name="country_id" ref="base.ec"/>
		</record>
		<record id="tax_tag_358" model="account.account.tag">
			<field name="name">358</field>
			<field name="applicability">taxes</field>
			<field name="country_id" ref="base.ec"/>
		</record>
		<record id="tax_tag_359" model="account.account.tag">
			<field name="name">359</field>
			<field name="applicability">taxes</field>
			<field name="country_id" ref="base.ec"/>
		</record>
		<record id="tax_tag_360" model="account.account.tag">
			<field name="name">360</field>
			<field name="applicability">taxes</field>
			<field name="country_id" ref="base.ec"/>
		</record>
		<record id="tax_tag_361" model="account.account.tag">
			<field name="name">361</field>
			<field name="applicability">taxes</field>
			<field name="country_id" ref="base.ec"/>
		</record>
		<record id="tax_tag_362" model="account.account.tag">
			<field name="name">362</field>
			<field name="applicability">taxes</field>
			<field name="country_id" ref="base.ec"/>
		</record>
		<record id="tax_tag_364" model="account.account.tag">
			<field name="name">364</field>
			<field name="applicability">taxes</field>
			<field name="country_id" ref="base.ec"/>
		</record>
		<record id="tax_tag_369" model="account.account.tag">
			<field name="name">369</field>
			<field name="applicability">taxes</field>
			<field name="country_id" ref="base.ec"/>
		</record>
		<record id="tax_tag_370" model="account.account.tag">
			<field name="name">370</field>
			<field name="applicability">taxes</field>
			<field name="country_id" ref="base.ec"/>
		</record>
		<record id="tax_tag_372" model="account.account.tag">
			<field name="name">372</field>
			<field name="applicability">taxes</field>
			<field name="country_id" ref="base.ec"/>
		</record>
		<record id="tax_tag_373" model="account.account.tag">
			<field name="name">373</field>
			<field name="applicability">taxes</field>
			<field name="country_id" ref="base.ec"/>
		</record>
		<record id="tax_tag_374" model="account.account.tag">
			<field name="name">374</field>
			<field name="applicability">taxes</field>
			<field name="country_id" ref="base.ec"/>
		</record>
		<record id="tax_tag_375" model="account.account.tag">
			<field name="name">375</field>
			<field name="applicability">taxes</field>
			<field name="country_id" ref="base.ec"/>
		</record>
		<record id="tax_tag_376" model="account.account.tag">
			<field name="name">376</field>
			<field name="applicability">taxes</field>
			<field name="country_id" ref="base.ec"/>
		</record>
		<record id="tax_tag_377" model="account.account.tag">
			<field name="name">377</field>
			<field name="applicability">taxes</field>
			<field name="country_id" ref="base.ec"/>
		</record>
		<record id="tax_tag_378" model="account.account.tag">
			<field name="name">378</field>
			<field name="applicability">taxes</field>
			<field name="country_id" ref="base.ec"/>
		</record>
		<record id="tax_tag_379" model="account.account.tag">
			<field name="name">379</field>
			<field name="applicability">taxes</field>
			<field name="country_id" ref="base.ec"/>
		</record>
		<record id="tax_tag_380" model="account.account.tag">
			<field name="name">380</field>
			<field name="applicability">taxes</field>
			<field name="country_id" ref="base.ec"/>
		</record>
		<record id="tax_tag_383" model="account.account.tag">
			<field name="name">383</field>
			<field name="applicability">taxes</field>
			<field name="country_id" ref="base.ec"/>
		</record>
		<record id="tax_tag_384" model="account.account.tag">
			<field name="name">384</field>
			<field name="applicability">taxes</field>
			<field name="country_id" ref="base.ec"/>
		</record>
		<record id="tax_tag_385" model="account.account.tag">
			<field name="name">385</field>
			<field name="applicability">taxes</field>
			<field name="country_id" ref="base.ec"/>
		</record>
		<record id="tax_tag_386" model="account.account.tag">
			<field name="name">386</field>
			<field name="applicability">taxes</field>
			<field name="country_id" ref="base.ec"/>
		</record>
		<record id="tax_tag_387" model="account.account.tag">
			<field name="name">387</field>
			<field name="applicability">taxes</field>
			<field name="country_id" ref="base.ec"/>
		</record>
		<record id="tax_tag_388" model="account.account.tag">
			<field name="name">388</field>
			<field name="applicability">taxes</field>
			<field name="country_id" ref="base.ec"/>
		</record>
		<record id="tax_tag_389" model="account.account.tag">
			<field name="name">389</field>
			<field name="applicability">taxes</field>
			<field name="country_id" ref="base.ec"/>
		</record>
		<record id="tax_tag_390" model="account.account.tag">
			<field name="name">390</field>
			<field name="applicability">taxes</field>
			<field name="country_id" ref="base.ec"/>
		</record>
		<record id="tax_tag_391" model="account.account.tag">
			<field name="name">391</field>
			<field name="applicability">taxes</field>
			<field name="country_id" ref="base.ec"/>
		</record>
		<record id="tax_tag_392" model="account.account.tag">
			<field name="name">392</field>
			<field name="applicability">taxes</field>
			<field name="country_id" ref="base.ec"/>
		</record>
		<record id="tax_tag_393" model="account.account.tag">
			<field name="name">393</field>
			<field name="applicability">taxes</field>
			<field name="country_id" ref="base.ec"/>
		</record>
		<record id="tax_tag_394" model="account.account.tag">
			<field name="name">394</field>
			<field name="applicability">taxes</field>
			<field name="country_id" ref="base.ec"/>
		</record>
		<record id="tax_tag_396" model="account.account.tag">
			<field name="name">396</field>
			<field name="applicability">taxes</field>
			<field name="country_id" ref="base.ec"/>
		</record>
		<record id="tax_tag_404" model="account.account.tag">
			<field name="name">404</field>
			<field name="applicability">taxes</field>
			<field name="country_id" ref="base.ec"/>
		</record>
		<record id="tax_tag_405" model="account.account.tag">
			<field name="name">405</field>
			<field name="applicability">taxes</field>
			<field name="country_id" ref="base.ec"/>
		</record>
		<record id="tax_tag_406" model="account.account.tag">
			<field name="name">406</field>
			<field name="applicability">taxes</field>
			<field name="country_id" ref="base.ec"/>
		</record>
		<record id="tax_tag_407" model="account.account.tag">
			<field name="name">407</field>
			<field name="applicability">taxes</field>
			<field name="country_id" ref="base.ec"/>
		</record>
		<record id="tax_tag_408" model="account.account.tag">
			<field name="name">408</field>
			<field name="applicability">taxes</field>
			<field name="country_id" ref="base.ec"/>
		</record>
		<record id="tax_tag_409" model="account.account.tag">
			<field name="name">409</field>
			<field name="applicability">taxes</field>
			<field name="country_id" ref="base.ec"/>
		</record>
		<record id="tax_tag_410" model="account.account.tag">
			<field name="name">410</field>
			<field name="applicability">taxes</field>
			<field name="country_id" ref="base.ec"/>
		</record>
		<record id="tax_tag_411" model="account.account.tag">
			<field name="name">411</field>
			<field name="applicability">taxes</field>
			<field name="country_id" ref="base.ec"/>
		</record>
		<record id="tax_tag_412" model="account.account.tag">
			<field name="name">412</field>
			<field name="applicability">taxes</field>
			<field name="country_id" ref="base.ec"/>
		</record>
		<record id="tax_tag_413" model="account.account.tag">
			<field name="name">413</field>
			<field name="applicability">taxes</field>
			<field name="country_id" ref="base.ec"/>
		</record>
		<record id="tax_tag_414" model="account.account.tag">
			<field name="name">414</field>
			<field name="applicability">taxes</field>
			<field name="country_id" ref="base.ec"/>
		</record>
		<record id="tax_tag_415" model="account.account.tag">
			<field name="name">415</field>
			<field name="applicability">taxes</field>
			<field name="country_id" ref="base.ec"/>
		</record>
		<record id="tax_tag_416" model="account.account.tag">
			<field name="name">416</field>
			<field name="applicability">taxes</field>
			<field name="country_id" ref="base.ec"/>
		</record>
		<record id="tax_tag_417" model="account.account.tag">
			<field name="name">417</field>
			<field name="applicability">taxes</field>
			<field name="country_id" ref="base.ec"/>
		</record>
		<record id="tax_tag_418" model="account.account.tag">
			<field name="name">418</field>
			<field name="applicability">taxes</field>
			<field name="country_id" ref="base.ec"/>
		</record>
		<record id="tax_tag_419" model="account.account.tag">
			<field name="name">419</field>
			<field name="applicability">taxes</field>
			<field name="country_id" ref="base.ec"/>
		</record>
		<record id="tax_tag_421" model="account.account.tag">
			<field name="name">421</field>
			<field name="applicability">taxes</field>
			<field name="country_id" ref="base.ec"/>
		</record>
		<record id="tax_tag_422" model="account.account.tag">
			<field name="name">422</field>
			<field name="applicability">taxes</field>
			<field name="country_id" ref="base.ec"/>
		</record>
		<record id="tax_tag_423" model="account.account.tag">
			<field name="name">423</field>
			<field name="applicability">taxes</field>
			<field name="country_id" ref="base.ec"/>
		</record>
		<record id="tax_tag_425" model="account.account.tag">
			<field name="name">425</field>
			<field name="applicability">taxes</field>
			<field name="country_id" ref="base.ec"/>
		</record>
		<record id="tax_tag_427" model="account.account.tag">
			<field name="name">427</field>
			<field name="applicability">taxes</field>
			<field name="country_id" ref="base.ec"/>
		</record>
		<record id="tax_tag_428" model="account.account.tag">
			<field name="name">428</field>
			<field name="applicability">taxes</field>
			<field name="country_id" ref="base.ec"/>
		</record>
		<record id="tax_tag_429" model="account.account.tag">
			<field name="name">429</field>
			<field name="applicability">taxes</field>
			<field name="country_id" ref="base.ec"/>
		</record>
		<record id="tax_tag_432" model="account.account.tag">
			<field name="name">432</field>
			<field name="applicability">taxes</field>
			<field name="country_id" ref="base.ec"/>
		</record>
		<record id="tax_tag_433" model="account.account.tag">
			<field name="name">433</field>
			<field name="applicability">taxes</field>
			<field name="country_id" ref="base.ec"/>
		</record>
		<record id="tax_tag_454" model="account.account.tag">
			<field name="name">454</field>
			<field name="applicability">taxes</field>
			<field name="country_id" ref="base.ec"/>
		</record>
		<record id="tax_tag_456" model="account.account.tag">
			<field name="name">456</field>
			<field name="applicability">taxes</field>
			<field name="country_id" ref="base.ec"/>
		</record>
		<record id="tax_tag_457" model="account.account.tag">
			<field name="name">457</field>
			<field name="applicability">taxes</field>
			<field name="country_id" ref="base.ec"/>
		</record>
		<record id="tax_tag_458" model="account.account.tag">
			<field name="name">458</field>
			<field name="applicability">taxes</field>
			<field name="country_id" ref="base.ec"/>
		</record>
		<record id="tax_tag_459" model="account.account.tag">
			<field name="name">459</field>
			<field name="applicability">taxes</field>
			<field name="country_id" ref="base.ec"/>
		</record>
		<record id="tax_tag_460" model="account.account.tag">
			<field name="name">460</field>
			<field name="applicability">taxes</field>
			<field name="country_id" ref="base.ec"/>
		</record>
		<record id="tax_tag_461" model="account.account.tag">
			<field name="name">461</field>
			<field name="applicability">taxes</field>
			<field name="country_id" ref="base.ec"/>
		</record>
		<record id="tax_tag_465" model="account.account.tag">
			<field name="name">465</field>
			<field name="applicability">taxes</field>
			<field name="country_id" ref="base.ec"/>
		</record>
		<record id="tax_tag_467" model="account.account.tag">
			<field name="name">467</field>
			<field name="applicability">taxes</field>
			<field name="country_id" ref="base.ec"/>
		</record>
		<record id="tax_tag_468" model="account.account.tag">
			<field name="name">468</field>
			<field name="applicability">taxes</field>
			<field name="country_id" ref="base.ec"/>
		</record>
		<record id="tax_tag_469" model="account.account.tag">
			<field name="name">469</field>
			<field name="applicability">taxes</field>
			<field name="country_id" ref="base.ec"/>
		</record>
		<record id="tax_tag_472" model="account.account.tag">
			<field name="name">472</field>
			<field name="applicability">taxes</field>
			<field name="country_id" ref="base.ec"/>
		</record>
		<record id="tax_tag_475" model="account.account.tag">
			<field name="name">475</field>
			<field name="applicability">taxes</field>
			<field name="country_id" ref="base.ec"/>
		</record>
		<record id="tax_tag_477" model="account.account.tag">
			<field name="name">477</field>
			<field name="applicability">taxes</field>
			<field name="country_id" ref="base.ec"/>
		</record>
		<record id="tax_tag_478" model="account.account.tag">
			<field name="name">478</field>
			<field name="applicability">taxes</field>
			<field name="country_id" ref="base.ec"/>
		</record>
		<record id="tax_tag_479" model="account.account.tag">
			<field name="name">479</field>
			<field name="applicability">taxes</field>
			<field name="country_id" ref="base.ec"/>
		</record>
		<record id="tax_tag_482" model="account.account.tag">
			<field name="name">482</field>
			<field name="applicability">taxes</field>
			<field name="country_id" ref="base.ec"/>
		</record>
		<record id="tax_tag_510" model="account.account.tag">
			<field name="name">510</field>
			<field name="applicability">taxes</field>
			<field name="country_id" ref="base.ec"/>
		</record>
		<record id="tax_tag_511" model="account.account.tag">
			<field name="name">511</field>
			<field name="applicability">taxes</field>
			<field name="country_id" ref="base.ec"/>
		</record>
		<record id="tax_tag_512" model="account.account.tag">
			<field name="name">512</field>
			<field name="applicability">taxes</field>
			<field name="country_id" ref="base.ec"/>
		</record>
		<record id="tax_tag_513" model="account.account.tag">
			<field name="name">513</field>
			<field name="applicability">taxes</field>
			<field name="country_id" ref="base.ec"/>
		</record>
		<record id="tax_tag_514" model="account.account.tag">
			<field name="name">514</field>
			<field name="applicability">taxes</field>
			<field name="country_id" ref="base.ec"/>
		</record>
		<record id="tax_tag_515" model="account.account.tag">
			<field name="name">515</field>
			<field name="applicability">taxes</field>
			<field name="country_id" ref="base.ec"/>
		</record>
		<record id="tax_tag_516" model="account.account.tag">
			<field name="name">516</field>
			<field name="applicability">taxes</field>
			<field name="country_id" ref="base.ec"/>
		</record>
		<record id="tax_tag_517" model="account.account.tag">
			<field name="name">517</field>
			<field name="applicability">taxes</field>
			<field name="country_id" ref="base.ec"/>
		</record>
		<record id="tax_tag_518" model="account.account.tag">
			<field name="name">518</field>
			<field name="applicability">taxes</field>
			<field name="country_id" ref="base.ec"/>
		</record>
		<record id="tax_tag_520" model="account.account.tag">
			<field name="name">520</field>
			<field name="applicability">taxes</field>
			<field name="country_id" ref="base.ec"/>
		</record>
		<record id="tax_tag_521" model="account.account.tag">
			<field name="name">521</field>
			<field name="applicability">taxes</field>
			<field name="country_id" ref="base.ec"/>
		</record>
		<record id="tax_tag_522" model="account.account.tag">
			<field name="name">522</field>
			<field name="applicability">taxes</field>
			<field name="country_id" ref="base.ec"/>
		</record>
		<record id="tax_tag_523" model="account.account.tag">
			<field name="name">523</field>
			<field name="applicability">taxes</field>
			<field name="country_id" ref="base.ec"/>
		</record>
		<record id="tax_tag_524" model="account.account.tag">
			<field name="name">524</field>
			<field name="applicability">taxes</field>
			<field name="country_id" ref="base.ec"/>
		</record>
		<record id="tax_tag_525" model="account.account.tag">
			<field name="name">525</field>
			<field name="applicability">taxes</field>
			<field name="country_id" ref="base.ec"/>
		</record>
		<record id="tax_tag_541" model="account.account.tag">
			<field name="name">541</field>
			<field name="applicability">taxes</field>
			<field name="country_id" ref="base.ec"/>
		</record>
		<record id="tax_tag_542" model="account.account.tag">
			<field name="name">542</field>
			<field name="applicability">taxes</field>
			<field name="country_id" ref="base.ec"/>
		</record>
		<record id="tax_tag_545" model="account.account.tag">
			<field name="name">545</field>
			<field name="applicability">taxes</field>
			<field name="country_id" ref="base.ec"/>
		</record>
		<record id="tax_tag_555" model="account.account.tag">
			<field name="name">555</field>
			<field name="applicability">taxes</field>
			<field name="country_id" ref="base.ec"/>
		</record>
		<record id="tax_tag_609" model="account.account.tag">
			<field name="name">609</field>
			<field name="applicability">taxes</field>
			<field name="country_id" ref="base.ec"/>
		</record>
		<record id="tax_tag_721" model="account.account.tag">
			<field name="name">721</field>
			<field name="applicability">taxes</field>
			<field name="country_id" ref="base.ec"/>
		</record>
		<record id="tax_tag_723" model="account.account.tag">
			<field name="name">723</field>
			<field name="applicability">taxes</field>
			<field name="country_id" ref="base.ec"/>
		</record>
		<record id="tax_tag_725" model="account.account.tag">
			<field name="name">725</field>
			<field name="applicability">taxes</field>
			<field name="country_id" ref="base.ec"/>
		</record>
		<record id="tax_tag_727" model="account.account.tag">
			<field name="name">727</field>
			<field name="applicability">taxes</field>
			<field name="country_id" ref="base.ec"/>
		</record>
		<record id="tax_tag_729" model="account.account.tag">
			<field name="name">729</field>
			<field name="applicability">taxes</field>
			<field name="country_id" ref="base.ec"/>
		</record>
		<record id="tax_tag_731" model="account.account.tag">
			<field name="name">731</field>
			<field name="applicability">taxes</field>
			<field name="country_id" ref="base.ec"/>
		</record>
		<record id="tax_tag_845" model="account.account.tag">
			<field name="name">845</field>
			<field name="applicability">taxes</field>
			<field name="country_id" ref="base.ec"/>
		</record>
    </data>
</odoo>
