<?xml version="1.0" encoding="utf-8"?>
<odoo>
	<data noupdate="1">

		<record id="l10n_ec_ifrs" model="account.chart.template">
			<field name="name">Plan Contable NIIF Ecuador conforme Superintendencia de Compañías</field>
			<field name="income_currency_exchange_account_id" ref="ec430501"/>
			<field name="expense_currency_exchange_account_id" ref="ec520304"/>
			<field name="property_account_receivable_id" ref="ec1102050101"/>
			<field name="property_account_payable_id" ref="ec210301"/>
			<field name="property_account_expense_categ_id" ref="ec110307"/>
			<field name="property_account_income_categ_id" ref="ec410201"/>
			<field name="property_account_expense_id" ref="ec52040201"/>
			<field name="property_stock_account_input_categ_id" ref="ec110307"/>
			<field name="property_stock_account_output_categ_id" ref="ec510102"/>
			<field name="property_stock_valuation_account_id" ref="ec110306"/>
		</record>

	</data>
</odoo>
