id,code,name,reconcile,user_type_id/id,chart_template_id/id
l10n_ec_ifrs_liquidity_transfer,111010301,TRANSFERENCIAS INTERBANCARIAS,TRUE,account.data_account_type_current_assets,l10n_ec_ifrs
ec11010401,11010401,VALORES EN CUSTODIA,FALSE,account.data_account_type_current_assets,l10n_ec_ifrs
ec110201,110201,ACTIVOS FINANCIEROS A VALOR RAZONABLE CON CAMBIOS EN RESULTADOS,FALSE,account.data_account_type_current_assets,l10n_ec_ifrs
ec110202,110202,ACTIVOS FINANCIEROS DISPONIBLES PARA LA VENTA,FALSE,account.data_account_type_current_assets,l10n_ec_ifrs
ec110203,110203,ACTIVOS FINANCIEROS MANTENIDOS HASTA SU VENCIMIENTO,FALSE,account.data_account_type_current_assets,l10n_ec_ifrs
ec110204,110204,PROVISION POR DETERIORO,FALSE,account.data_account_type_current_assets,l10n_ec_ifrs
ec1102050101,1102050101,CUENTAS POR COBRAR CLIENTES NO RELACIONADOS LOCALES,TRUE,account.data_account_type_receivable,l10n_ec_ifrs
ec1102050102,1102050102,CUENTAS POR COBRAR CLIENTES NO RELACIONADOS EXTRANJEROS,TRUE,account.data_account_type_receivable,l10n_ec_ifrs
ec11020601,11020601,DOCUMENTOS Y CUENTAS POR COBRAR CLIENTE RELACIONADOS LOCALES,TRUE,account.data_account_type_receivable,l10n_ec_ifrs
ec11020602,11020602,DOCUMENTOS Y CUENTAS POR COBRAR CLIENTE RELACIONADOS EXTRANJEROS,TRUE,account.data_account_type_receivable,l10n_ec_ifrs
ec11020701,11020701,ANTICIPO SUELDOS,TRUE,account.data_account_type_receivable,l10n_ec_ifrs
ec11020702,11020702,ANTICIPO DÉCIMO TERCER SUELDO,TRUE,account.data_account_type_receivable,l10n_ec_ifrs
ec11020703,11020703,ANTICIPO DÉCIMO CUARTO SUELDO,TRUE,account.data_account_type_receivable,l10n_ec_ifrs
ec11020704,11020704,ANTICIPO UTILIDADES,TRUE,account.data_account_type_receivable,l10n_ec_ifrs
ec110208,110208,OTRAS CUENTAS POR COBRAR RELACIONADAS,TRUE,account.data_account_type_receivable,l10n_ec_ifrs
ec110209,110209,OTRAS CUENTAS POR COBRAR,TRUE,account.data_account_type_receivable,l10n_ec_ifrs
ec110210,110210,PROVISION POR CUENTAS INCOBRABLES,FALSE,account.data_account_type_current_assets,l10n_ec_ifrs
ec110301,110301,INVENTARIOS DE MATERIA PRIMA,FALSE,account.data_account_type_current_assets,l10n_ec_ifrs
ec110302,110302,INVENTARIOS DE PRODUCTOS EN PROCESO,FALSE,account.data_account_type_current_assets,l10n_ec_ifrs
ec110303,110303,INVENTARIOS DE SUMINISTROS O MATERIALES A SER CONSUMIDOS EN EL PROCESO DE PRODUCCION,FALSE,account.data_account_type_current_assets,l10n_ec_ifrs
ec110304,110304,INVENTARIOS DE SUMINISTROS O MATERIALES A SER CONSUMIDOS EN LA PRESTACION DE SERVICIOS,FALSE,account.data_account_type_current_assets,l10n_ec_ifrs
ec110305,110305,INVENTARIOS DE PROD. TERM. Y MERCAD. EN ALMACEN - PRODUCIDO POR LA COMPAÑIA,FALSE,account.data_account_type_current_assets,l10n_ec_ifrs
ec110306,110306,INVENTARIOS DE PROD. TERM. Y MERCAD. EN ALMACEN - COMPRADO A TERCEROS,FALSE,account.data_account_type_current_assets,l10n_ec_ifrs
ec110307,110307,MERCADERIAS EN TRANSITO,FALSE,account.data_account_type_current_assets,l10n_ec_ifrs
ec110308,110308,PROVISION DE INVENTARIOS POR VALOR NETO DE REALIZACION,FALSE,account.data_account_type_current_assets,l10n_ec_ifrs
ec110309,110309,PROVISION DE INVENTARIOS POR DETERIORO FISICO,FALSE,account.data_account_type_current_assets,l10n_ec_ifrs
ec110401,110401,SEGUROS PAGADOS POR ANTICIPADO,TRUE,account.data_account_type_prepayments,l10n_ec_ifrs
ec110402,110402,ARRIENDOS PAGADOS POR ANTICIPADO,TRUE,account.data_account_type_prepayments,l10n_ec_ifrs
ec110403,110403,ANTICIPOS A PROVEEDORES,TRUE,account.data_account_type_prepayments,l10n_ec_ifrs
ec_other_downpayments,11040401,OTROS ANTICIPOS ENTREGADOS,TRUE,account.data_account_type_prepayments,l10n_ec_ifrs
ec_purchase_vat,11050101,IVA PAGADO EN COMPRAS LOCALES,FALSE,account.data_account_type_current_assets,l10n_ec_ifrs
ec_purchase_vat_assets,11050102,IVA PAGADO EN COMPRAS LOCALES DE ACTIVOS FIJOS,FALSE,account.data_account_type_current_assets,l10n_ec_ifrs
ec_purchase_vat_service_imports,11050103,IVA PAGADO EN IMPORTACION DE SERVICIOS,FALSE,account.data_account_type_current_assets,l10n_ec_ifrs
ec_purchase_vat_goods_imports,11050104,IVA PAGADO EN IMPORTACION DE BIENES,FALSE,account.data_account_type_current_assets,l10n_ec_ifrs
ec_purchase_vat_assets_imports,11050105,IVA PAGADO EN IMPORTACION DE ACTIVOS FIJOS,FALSE,account.data_account_type_current_assets,l10n_ec_ifrs
ec_sale_vat_outstanding_withholds,11050106,IVA PAGADO EN RETENCIONES DE LA FUENTE,FALSE,account.data_account_type_current_assets,l10n_ec_ifrs
ec_purchase_vat_zero,11050107,IVA EN COMPRAS 0%,FALSE,account.data_account_type_current_assets,l10n_ec_ifrs
ec110502,110502,CREDITO TRIBUTARIO A FAVOR DE LA EMPRESA(I.R.),FALSE,account.data_account_type_current_assets,l10n_ec_ifrs
ec110503,110503,ANTICIPO DE IMPUESTO A LA RENTA,FALSE,account.data_account_type_current_assets,l10n_ec_ifrs
ec_sale_profit_withhold,110504,RETENCIONES EN LA FUENTE PAGADAS,FALSE,account.data_account_type_current_assets,l10n_ec_ifrs
ec1106,1106,ACTIVOS NO CORRIENTES MANTENIDOS PARA LA VENTA Y OPERACIONES DISCONTINUADAS,FALSE,account.data_account_type_current_assets,l10n_ec_ifrs
ec1107,1107,CONSTRUCCIONES EN PROCESO (NIC 11 Y SECC.23 PYMES),FALSE,account.data_account_type_current_assets,l10n_ec_ifrs
ec1108,1108,OTROS ACTIVOS CORRIENTES,FALSE,account.data_account_type_current_assets,l10n_ec_ifrs
ec120101,120101,TERRENOS,FALSE,account.data_account_type_fixed_assets,l10n_ec_ifrs
ec120102,120102,EDIFICIOS,FALSE,account.data_account_type_fixed_assets,l10n_ec_ifrs
ec120103,120103,CONTRUCCIONES EN CURSO,FALSE,account.data_account_type_fixed_assets,l10n_ec_ifrs
ec120104,120104,INSTALACIONES,FALSE,account.data_account_type_fixed_assets,l10n_ec_ifrs
ec120105,120105,MUEBLES Y ENSERES,FALSE,account.data_account_type_fixed_assets,l10n_ec_ifrs
ec120106,120106,MAQUINARIA Y EQUIPO,FALSE,account.data_account_type_fixed_assets,l10n_ec_ifrs
ec120107,120107,"NAVES, AERONAVES, BARCAZAS Y SIMILARES",FALSE,account.data_account_type_fixed_assets,l10n_ec_ifrs
ec120108,120108,EQUIPO DE COMPUTACION,FALSE,account.data_account_type_fixed_assets,l10n_ec_ifrs
ec120109,120109,"VEHICULOS, EQUIPOS DE TRANSPORTE Y EQUIPO CAMINERO MOVIL",FALSE,account.data_account_type_fixed_assets,l10n_ec_ifrs
ec120110,120110,"OTROS PROPIEDADES, PLANTA Y EQUIPO",FALSE,account.data_account_type_fixed_assets,l10n_ec_ifrs
ec120111,120111,REPUESTOS Y HERRAMIENTAS,FALSE,account.data_account_type_fixed_assets,l10n_ec_ifrs
ec12011201,12011201,DEPRECIACION ACUMULADA EDIFICIOS,FALSE,account.data_account_type_fixed_assets,l10n_ec_ifrs
ec12011202,12011202,DEPRECIACION ACUMULADA CONTRUCCIONES EN CURSO,FALSE,account.data_account_type_fixed_assets,l10n_ec_ifrs
ec12011203,12011203,DEPRECIACION ACUMULADA INSTALACIONES,FALSE,account.data_account_type_fixed_assets,l10n_ec_ifrs
ec12011204,12011204,DEPRECIACION ACUMULADA MUEBLES Y ENSERES,FALSE,account.data_account_type_fixed_assets,l10n_ec_ifrs
ec12011205,12011205,DEPRECIACION ACUMULADA MAQUINARIA Y EQUIPO,FALSE,account.data_account_type_fixed_assets,l10n_ec_ifrs
ec12011206,12011206,"DEPRECIACION ACUMULADA NAVES, AERONAVES, BARCAZAS Y SIMILARES",FALSE,account.data_account_type_fixed_assets,l10n_ec_ifrs
ec12011207,12011207,DEPRECIACION ACUMULADA EQUIPO DE COMPUTACION,FALSE,account.data_account_type_fixed_assets,l10n_ec_ifrs
ec12011208,12011208,"DEPRECIACION ACUMULADA VEHICULOS, EQUIPOS DE TRANSPORTE Y EQUIPO CAMINERO MOVIL",FALSE,account.data_account_type_fixed_assets,l10n_ec_ifrs
ec12011209,12011209,"DEPRECIACION ACUMULADA OTROS PROPIEDADES, PLANTA Y EQUIPO",FALSE,account.data_account_type_fixed_assets,l10n_ec_ifrs
ec12011210,12011210,DEPRECIACION ACUMULADA REPUESTOS Y HERRAMIENTAS,FALSE,account.data_account_type_fixed_assets,l10n_ec_ifrs
ec12011301,12011301,DETERIORO ACUMULADO EDIFICIOS,FALSE,account.data_account_type_fixed_assets,l10n_ec_ifrs
ec12011302,12011302,DETERIORO ACUMULADO CONTRUCCIONES EN CURSO,FALSE,account.data_account_type_fixed_assets,l10n_ec_ifrs
ec12011303,12011303,DETERIORO ACUMULADO INSTALACIONES,FALSE,account.data_account_type_fixed_assets,l10n_ec_ifrs
ec12011304,12011304,DETERIORO ACUMULADO MUEBLES Y ENSERES,FALSE,account.data_account_type_fixed_assets,l10n_ec_ifrs
ec12011305,12011305,DETERIORO ACUMULADO MAQUINARIA Y EQUIPO,FALSE,account.data_account_type_fixed_assets,l10n_ec_ifrs
ec12011306,12011306,"DETERIORO ACUMULADO  NAVES, AERONAVES, BARCAZAS Y SIMILARES",FALSE,account.data_account_type_fixed_assets,l10n_ec_ifrs
ec12011307,12011307,DETERIORO ACUMULADO  EQUIPO DE COMPUTACION,FALSE,account.data_account_type_fixed_assets,l10n_ec_ifrs
ec12011308,12011308,"DETERIORO ACUMULADO  VEHICULOS, EQUIPOS DE TRANSPORTE Y EQUIPO CAMINERO MOVIL",FALSE,account.data_account_type_fixed_assets,l10n_ec_ifrs
ec12011309,12011309,"DETERIORO ACUMULADO OTROS PROPIEDADES, PLANTA Y EQUIPO",FALSE,account.data_account_type_fixed_assets,l10n_ec_ifrs
ec12011310,12011310,DETERIORO ACUMULADO REPUESTOS Y HERRAMIENTAS,FALSE,account.data_account_type_fixed_assets,l10n_ec_ifrs
ec120201,120201,TERRENOS,FALSE,account.data_account_type_fixed_assets,l10n_ec_ifrs
ec120202,120202,EDIFICIOS,FALSE,account.data_account_type_fixed_assets,l10n_ec_ifrs
ec120203,120203,DEPRECIACION ACUMULADA DE PROPIEDADES DE INVERSION,FALSE,account.data_account_type_fixed_assets,l10n_ec_ifrs
ec120204,120204,DETERIORO ACUMULADO DE PROPIEDADES DE INVERSION,FALSE,account.data_account_type_fixed_assets,l10n_ec_ifrs
ec120301,120301,ANIMALES VIVOS EN CRECIMIENTO,FALSE,account.data_account_type_current_assets,l10n_ec_ifrs
ec120302,120302,ANIMALES VIVOS EN PRODUCCION,FALSE,account.data_account_type_current_assets,l10n_ec_ifrs
ec120303,120303,PLANTAS EN CRECIMIENTO,FALSE,account.data_account_type_current_assets,l10n_ec_ifrs
ec120304,120304,PLANTAS EN PRODUCCION,FALSE,account.data_account_type_current_assets,l10n_ec_ifrs
ec120305,120305,(-) DEPRECIACION ACUMULADA DE ACTIVOS BIOLÓGICOS,FALSE,account.data_account_type_current_assets,l10n_ec_ifrs
ec120306,120306,(-) DETERIORO ACUMULADO DE ACTIVOS BIOLOGÍCOS,FALSE,account.data_account_type_current_assets,l10n_ec_ifrs
ec120401,120401,PLUSVALIAS,FALSE,account.data_account_type_current_assets,l10n_ec_ifrs
ec120402,120402,"MARCAS, PATENTES, DERECHOS DE LLAVE , CUOTAS PATRIMONIALES Y OTROS SIMILARES",FALSE,account.data_account_type_current_assets,l10n_ec_ifrs
ec120403,120403,ACTIVOS DE EXPLORACION Y EXPLOTACION,FALSE,account.data_account_type_current_assets,l10n_ec_ifrs
ec120404,120404,AMORTIZACION ACUMULADA DE ACTIVOS INTANGIBLE,FALSE,account.data_account_type_current_assets,l10n_ec_ifrs
ec120405,120405,DETERIORO ACUMULADO DE ACTIVO INTANGIBLE,FALSE,account.data_account_type_current_assets,l10n_ec_ifrs
ec120406,120406,OTROS INTANGIBLES,FALSE,account.data_account_type_current_assets,l10n_ec_ifrs
ec120501,120501,ACTIVOS POR IMPUESTOS DIFERIDOS,FALSE,account.data_account_type_non_current_assets,l10n_ec_ifrs
ec120601,120601,ACTIVOS FINANCIEROS MANTENIDOS HASTA EL VENCIMIENTO,FALSE,account.data_account_type_non_current_assets,l10n_ec_ifrs
ec120602,120602,PROVISION POR DETERIORO DE ACTIVOS FINANCIEROS MANTENIDOS HASTA EL VENCIMIENTO,FALSE,account.data_account_type_non_current_assets,l10n_ec_ifrs
ec120603,120603,DOCUMENTOS Y CUENTAS POR COBRAR,TRUE,account.data_account_type_receivable,l10n_ec_ifrs
ec120604,120604,PROVISION CUENTAS INCOBRABLES DE ACTIVOS FINANCIEROS NO CORRIENTES,FALSE,account.data_account_type_non_current_assets,l10n_ec_ifrs
ec120701,120701,INVERSIONES SUBSIDIARIAS,FALSE,account.data_account_type_non_current_assets,l10n_ec_ifrs
ec120702,120702,INVERSIONES ASOCIADAS,FALSE,account.data_account_type_non_current_assets,l10n_ec_ifrs
ec120703,120703,INVERSIONES NEGOCIOS CONJUNTOS,FALSE,account.data_account_type_non_current_assets,l10n_ec_ifrs
ec120704,120704,OTRAS INVERSIONES,FALSE,account.data_account_type_non_current_assets,l10n_ec_ifrs
ec120705,120705,PROVISION VALUACION DE INVERSIONES,FALSE,account.data_account_type_non_current_assets,l10n_ec_ifrs
ec120706,120706,OTROS ACTIVOS NO CORRIENTES,FALSE,account.data_account_type_non_current_assets,l10n_ec_ifrs
ec2101,2101,PASIVOS FINANCIEROS A VALOR RAZONABLE CON CAMBIOS EN RESULTADOS,FALSE,account.data_account_type_current_liabilities,l10n_ec_ifrs
ec2102,2102,PASIVOS POR CONTRATOS DE ARRENDAMIENTO FINANCIEROS,FALSE,account.data_account_type_current_liabilities,l10n_ec_ifrs
ec210301,210301,CUENTAS Y DOCUMENTOS POR PAGAR LOCALES,TRUE,account.data_account_type_payable,l10n_ec_ifrs
ec210302,210302,CUENTAS Y DOCUMENTOS POR PAGAR DEL EXTERIOR,TRUE,account.data_account_type_payable,l10n_ec_ifrs
ec210401,210401,OBLIGACIONES CON INSTITUCIONES FINANCIERAS LOCALES,TRUE,account.data_account_type_payable,l10n_ec_ifrs
ec210402,210402,OBLIGACIONES CON INSTITUCIONES FINANCIERAS DEL EXTERIOR,TRUE,account.data_account_type_payable,l10n_ec_ifrs
ec2105010101,2105010101,PROVISION VACACIONES,TRUE,account.data_account_type_current_liabilities,l10n_ec_ifrs
ec2105010102,2105010102,PROVISION DECIMO TERCERO,TRUE,account.data_account_type_current_liabilities,l10n_ec_ifrs
ec2105010103,2105010103,PROVISION DECIMO CUARTO,TRUE,account.data_account_type_current_liabilities,l10n_ec_ifrs
ec2105010104,2105010104,OTRAS PROVISIONES A FAVOR DE LOS EMPLEADOS,TRUE,account.data_account_type_current_liabilities,l10n_ec_ifrs
ec21050102,21050102,OTRAS PROVISIONES LOCALES,TRUE,account.data_account_type_current_liabilities,l10n_ec_ifrs
ec210502,210502,PROVISIONES DEL EXTERIOR,TRUE,account.data_account_type_current_liabilities,l10n_ec_ifrs
ec2106,2106,PORCION CORRIENTE DE OBLIGACIONES EMITIDAS,FALSE,account.data_account_type_current_liabilities,l10n_ec_ifrs
ec21070101,21070101,IMPUESTO A LA RENTA RETENIDO A EMPLEADOS,TRUE,account.data_account_type_payable,l10n_ec_ifrs
ec210702,210702,IMPUESTO A LA RENTA POR PAGAR DEL EJERCICIO,TRUE,account.data_account_type_payable,l10n_ec_ifrs
ec21070301,21070301,PRESTAMOS QUIROGRAFARIOS,TRUE,account.data_account_type_payable,l10n_ec_ifrs
ec21070302,21070302,PRESTAMOS HIPOTECARIOS,TRUE,account.data_account_type_payable,l10n_ec_ifrs
ec21070303,21070303,APORTACION PATRONAL AL IESS,TRUE,account.data_account_type_payable,l10n_ec_ifrs
ec21070304,21070304,APORTACION PERSONAL AL IESS,TRUE,account.data_account_type_payable,l10n_ec_ifrs
ec21070305,21070305,FONDOS DE RESERVA RETENIDOS A EMPLEADOS,TRUE,account.data_account_type_payable,l10n_ec_ifrs
ec21070306,21070306,OTRAS OBLICACIONES CORRIENTES CON EL IESS,TRUE,account.data_account_type_payable,l10n_ec_ifrs
ec21070401,21070401,SUELDOS Y SALARIOS POR PAGAR,TRUE,account.data_account_type_payable,l10n_ec_ifrs
ec21070402,21070402,OTRAS OBLIGACIONES CORRIENTES POR BENEFICIOS DE LEY A EMPLEADOS,TRUE,account.data_account_type_payable,l10n_ec_ifrs
ec21070403,21070403,DÉCIMOS POR PAGAR,TRUE,account.data_account_type_payable,l10n_ec_ifrs
ec210705,210705,PARTICIPACION TRABAJADORES POR PAGAR DEL EJERCICIO,TRUE,account.data_account_type_payable,l10n_ec_ifrs
ec210706,210706,DIVIDENDOS POR PAGAR,TRUE,account.data_account_type_payable,l10n_ec_ifrs
ec2108,2108,CUENTAS POR PAGAR DIVERSAS/RELACIONADAS,TRUE,account.data_account_type_payable,l10n_ec_ifrs
ec2109,2109,OTROS PASIVOS FINANCIEROS,TRUE,account.data_account_type_payable,l10n_ec_ifrs
ec2110,2110,ANTICIPOS DE CLIENTES,TRUE,account.data_account_type_payable,l10n_ec_ifrs
ec2111,2111,PASIVOS DIRECTAMENTE ASOCIADOS CON LOS ACTIVOS NO CORRIENTES Y OPERACIONES DISCONTINUADAS,FALSE,account.data_account_type_current_liabilities,l10n_ec_ifrs
ec211201,211201,OTROS BENEFICIOS A LARGO PLAZO PARA LOS EMPLEADOS,TRUE,account.data_account_type_payable,l10n_ec_ifrs
ec211301,211301,RETENCIONES JUDICIALES,FALSE,account.data_account_type_current_liabilities,l10n_ec_ifrs
ec_sale_vat,2114010101,IVA COBRADO EN VENTAS LOCALES,FALSE,account.data_account_type_current_liabilities,l10n_ec_ifrs
ec_sale_vat_assets,2114010102,IVA COBRADO EN VENTAS DE ACTIVOS FIJOS,FALSE,account.data_account_type_current_liabilities,l10n_ec_ifrs
ec_sale_vat_goods_exports,2114010103,IVA COBRADO EN EXPORTACION DE BIENES,FALSE,account.data_account_type_current_liabilities,l10n_ec_ifrs
ec_sale_vat_services_exports,2114010104,IVA COBRADO EN EXPORTACION DE SERVICIOS,FALSE,account.data_account_type_current_liabilities,l10n_ec_ifrs
ec_sale_vat_zero,2114010105,IVA EN VENTAS 0%,FALSE,account.data_account_type_current_liabilities,l10n_ec_ifrs
ret_ir_1x100,2114010201,RETENCIONES DE LA FUENTE 1%,FALSE,account.data_account_type_current_liabilities,l10n_ec_ifrs
ret_ir_1_75x100,2114010202,RETENCIONES DE LA FUENTE 1.75%,FALSE,account.data_account_type_current_liabilities,l10n_ec_ifrs
ret_ir_2x100,2114010203,RETENCIONES DE LA FUENTE 2%,FALSE,account.data_account_type_current_liabilities,l10n_ec_ifrs
ret_ir_2_75x100,2114010204,RETENCIONES DE LA FUENTE 2.75%,FALSE,account.data_account_type_current_liabilities,l10n_ec_ifrs
ret_ir_5x100,2114010205,RETENCIONES DE LA FUENTE 5%,FALSE,account.data_account_type_current_liabilities,l10n_ec_ifrs
ret_ir_8x100,2114010206,RETENCIONES DE LA FUENTE 8%,FALSE,account.data_account_type_current_liabilities,l10n_ec_ifrs
ret_ir_10x100,2114010207,RETENCIONES DE LA FUENTE 10%,FALSE,account.data_account_type_current_liabilities,l10n_ec_ifrs
ret_ir_15x100,2114010208,RETENCIONES DE LA FUENTE 15%,FALSE,account.data_account_type_current_liabilities,l10n_ec_ifrs
ret_ir_22x100,2114010209,RETENCIONES DE LA FUENTE 22%,FALSE,account.data_account_type_current_liabilities,l10n_ec_ifrs
ret_ir_others,2114010210,OTRAS RETENCIONES,FALSE,account.data_account_type_current_liabilities,l10n_ec_ifrs
ec_vat_withhold_10,2114010301,RETENCIONES DE IVA 10%,FALSE,account.data_account_type_current_liabilities,l10n_ec_ifrs
ec_vat_withhold_20,2114010302,RETENCIONES DE IVA 20%,FALSE,account.data_account_type_current_liabilities,l10n_ec_ifrs
ec_vat_withhold_30,2114010303,RETENCIONES DE IVA 30%,FALSE,account.data_account_type_current_liabilities,l10n_ec_ifrs
ec_vat_withhold_50,2114010304,RETENCIONES DE IVA 50%,FALSE,account.data_account_type_current_liabilities,l10n_ec_ifrs
ec_vat_withhold_70,2114010305,RETENCIONES DE IVA 70%,FALSE,account.data_account_type_current_liabilities,l10n_ec_ifrs
ec_vat_withhold_100,2114010306,RETENCIONES DE IVA 100%,FALSE,account.data_account_type_current_liabilities,l10n_ec_ifrs
ec_vat_withhold_others,2114010307,OTRAS RETENCIONES,FALSE,account.data_account_type_current_liabilities,l10n_ec_ifrs
ec2201,2201,PASIVOS POR CONTRATOS DE ARRENDAMIENTO FINANCIERO,TRUE,account.data_account_type_payable,l10n_ec_ifrs
ec220201,220201,CUENTAS Y DOCUMENTOS POR PAGAR LOCALES,TRUE,account.data_account_type_payable,l10n_ec_ifrs
ec220202,220202,CUENTAS Y DOCUMENTOS POR PAGAR DEL EXTERIOR,TRUE,account.data_account_type_payable,l10n_ec_ifrs
ec220301,220301,OBLIGACIONES CON INSTITUCIONES FINANCIERAS LOCALES,TRUE,account.data_account_type_payable,l10n_ec_ifrs
ec220302,220302,OBLIGACIONES CON INSTITUCIONES FINANCIERAS DEL EXTERIOR,TRUE,account.data_account_type_payable,l10n_ec_ifrs
ec220401,220401,CUENTAS POR PAGAR DIVERSAS/RELACIONADAS LOCALES,TRUE,account.data_account_type_payable,l10n_ec_ifrs
ec220402,220402,CUENTAS POR PAGAR DIVERSAS/RELACIONADAS DEL EXTERIOR,TRUE,account.data_account_type_payable,l10n_ec_ifrs
ec2205,2205,OBLIGACIONES EMITIDAS,TRUE,account.data_account_type_payable,l10n_ec_ifrs
ec2206,2206,ANTICIPOS DE CLIENTES,TRUE,account.data_account_type_payable,l10n_ec_ifrs
ec220701,220701,OTROS BENEFICIOS NO CORRIENTES PARA LOS EMPLEADOS,TRUE,account.data_account_type_payable,l10n_ec_ifrs
ec2208,2208,OTRAS PROVISIONES,TRUE,account.data_account_type_payable,l10n_ec_ifrs
ec220901,220901,INGRESOS DIFERIDOS,TRUE,account.data_account_type_payable,l10n_ec_ifrs
ec220902,220902,PASIVOS POR IMPUESTOS DIFERIDOS,TRUE,account.data_account_type_payable,l10n_ec_ifrs
ec2210,2210,OTROS PASIVOS NO CORRIENTES,FALSE,account.data_account_type_non_current_liabilities,l10n_ec_ifrs
ec3101,3101,CAPITAL SUSCRITO o ASIGNADO,FALSE,account.data_account_type_equity,l10n_ec_ifrs
ec3102,3102,"CAPITAL SUSCRITO NO PAGADO, ACCIONES EN TESORERIA",FALSE,account.data_account_type_equity,l10n_ec_ifrs
ec32,32,APORTES DE SOCIOS O ACCIONISTAS PARA FUTURA CAPITALIZACION,FALSE,account.data_account_type_equity,l10n_ec_ifrs
ec33,33,PRIMA POR EMISION PRIMARIA DE ACCIONES,FALSE,account.data_account_type_equity,l10n_ec_ifrs
ec3401,3401,RESERVA LEGAL,FALSE,account.data_account_type_equity,l10n_ec_ifrs
ec3402,3402,RESERVAS FACULTATIVA Y ESTATUTARIA,FALSE,account.data_account_type_equity,l10n_ec_ifrs
ec3403,3403,RESERVA DE CAPITAL,FALSE,account.data_account_type_equity,l10n_ec_ifrs
ec3404,3404,OTRAS RESERVAS,FALSE,account.data_account_type_equity,l10n_ec_ifrs
ec3501,3501,SUPERAVIT DE ACTIVOS FINANCIEROS DISPONIBLES PARA LA VENTA,FALSE,account.data_account_type_equity,l10n_ec_ifrs
ec3502,3502,"SUPERAVIT POR REVALUACION DE PROPIEDADES, PLANTA Y EQUIPO",FALSE,account.data_account_type_equity,l10n_ec_ifrs
ec3503,3503,SUPERAVIT POR REVALUACION DE ACTIVOS INTANGIBLES,FALSE,account.data_account_type_equity,l10n_ec_ifrs
ec3504,3504,OTROS SUPERAVIT POR REVALUACION,FALSE,account.data_account_type_equity,l10n_ec_ifrs
ec3601,3601,GANANCIAS ACUMULADAS,FALSE,account.data_account_type_equity,l10n_ec_ifrs
ec3602,3602,PERDIDAS ACUMULADAS,FALSE,account.data_account_type_equity,l10n_ec_ifrs
ec3603,3603,RESULTADOS ACUMULADOS PROVENIENTES DE LA ADOPCION POR PRIMERA VEZ DE LAS NIIF,FALSE,account.data_account_type_equity,l10n_ec_ifrs
ec3701,3701,RESULTADO NETO DEL PERIODO,FALSE,account.data_unaffected_earnings,l10n_ec_ifrs
ec410101,410101,VENTA DE BIENES,FALSE,account.data_account_type_revenue,l10n_ec_ifrs
ec410201,410201,PRESTACION DE SERVICIOS,FALSE,account.data_account_type_revenue,l10n_ec_ifrs
ec4103,4103,CONTRATOS DE CONSTRUCCION,FALSE,account.data_account_type_revenue,l10n_ec_ifrs
ec4104,4104,SUBVENCIONES DEL GOBIERNO,FALSE,account.data_account_type_revenue,l10n_ec_ifrs
ec4105,4105,REGALIAS,FALSE,account.data_account_type_revenue,l10n_ec_ifrs
ec4106,4106,INTERESES,FALSE,account.data_account_type_revenue,l10n_ec_ifrs
ec4107,4107,DIVIDENDOS,FALSE,account.data_account_type_revenue,l10n_ec_ifrs
ec4108,4108,GANANCIA POR MEDICIÓN A VALOR RAZONABLE DE ACTIVOS BIOLÓGICOS,FALSE,account.data_account_type_revenue,l10n_ec_ifrs
ec4109,4109,OTROS INGRESOS DE ACTIVIDADES ORDINARIAS,FALSE,account.data_account_type_revenue,l10n_ec_ifrs
ec4110,4110,- DESCUENTO EN VENTAS,FALSE,account.data_account_type_revenue,l10n_ec_ifrs
ec4111,4111,- DEVOLUCIONES EN VENTAS,FALSE,account.data_account_type_revenue,l10n_ec_ifrs
ec42,42,GANANCIA BRUTA,FALSE,account.data_account_type_revenue,l10n_ec_ifrs
ec4301,4301,DIVIDENDOS,FALSE,account.data_account_type_revenue,l10n_ec_ifrs
ec4302,4302,INTERESES FINANCIEROS,FALSE,account.data_account_type_revenue,l10n_ec_ifrs
ec4303,4303,GANANCIA EN INVERSIONES EN ASOCIADAS / SUBSIDIARIAS Y OTRAS,FALSE,account.data_account_type_revenue,l10n_ec_ifrs
ec4304,4304,VALUACION DE INSTRUMENTOS FINANCIEROS A VALOR RAZONABLE CON CAMBIO EN RESULTADOS,FALSE,account.data_account_type_revenue,l10n_ec_ifrs
ec430501,430501,INGRESOS POR DIFERECIAS DE CAMBIO,FALSE,account.data_account_type_revenue,l10n_ec_ifrs
ec430502,430502,OTRAS RENTAS,FALSE,account.data_account_type_revenue,l10n_ec_ifrs
ec510101,510101,INVENTARIO INICIAL DE BIENES NO PRODUCIDOS POR LA COMPAÑIA,FALSE,account.data_account_type_direct_costs,l10n_ec_ifrs
ec510102,510102,COMPRAS NETAS LOCALES DE BIENES NO PRODUCIDOS POR LA COMPAÑIA,FALSE,account.data_account_type_direct_costs,l10n_ec_ifrs
ec510103,510103,IMPORTACIONES DE BIENES NO PRODUCIDOS POR LA COMPAÑIA,FALSE,account.data_account_type_direct_costs,l10n_ec_ifrs
ec510104,510104,INVENTARIO FINAL DE BIENES NO PRODUCIDOS POR LA COMPAÑIA,FALSE,account.data_account_type_direct_costs,l10n_ec_ifrs
ec510105,510105,INVENTARIO INICIAL DE MATERIA PRIMA,FALSE,account.data_account_type_direct_costs,l10n_ec_ifrs
ec510106,510106,COMPRAS NETAS LOCALES DE MATERIA PRIMA,FALSE,account.data_account_type_direct_costs,l10n_ec_ifrs
ec510107,510107,IMPORTACIONES DE MATERIA PRIMA,FALSE,account.data_account_type_direct_costs,l10n_ec_ifrs
ec510108,510108,INVENTARIO FINAL DE MATERIA PRIMA,FALSE,account.data_account_type_direct_costs,l10n_ec_ifrs
ec510109,510109,INVENTARIO INICIAL DE PRODUCTOS EN PROCESO,FALSE,account.data_account_type_direct_costs,l10n_ec_ifrs
ec510110,510110,INVENTARIO FINAL DE PRODUCTOS EN PROCESO,FALSE,account.data_account_type_direct_costs,l10n_ec_ifrs
ec510111,510111,INVENTARIO INICIAL PRODUCTOS TERMINADOS,FALSE,account.data_account_type_direct_costs,l10n_ec_ifrs
ec510112,510112,INVENTARIO FINAL DE PRODUCTOS TERMINADOS,FALSE,account.data_account_type_direct_costs,l10n_ec_ifrs
ec51020101,51020101,"SUELDOS, SALARIOS Y DEMAS REMUNERACIONES",FALSE,account.data_account_type_direct_costs,l10n_ec_ifrs
ec51020102,51020102,HORAS EXTRA,FALSE,account.data_account_type_direct_costs,l10n_ec_ifrs
ec51020103,51020103,BONIFICACIONES POR DESEMPEÑO,FALSE,account.data_account_type_direct_costs,l10n_ec_ifrs
ec51020201,51020201,SEGURO MEDICO ,FALSE,account.data_account_type_direct_costs,l10n_ec_ifrs
ec51020202,51020202,CAPACITACION,FALSE,account.data_account_type_direct_costs,l10n_ec_ifrs
ec51020203,51020203,UNIFORMES,FALSE,account.data_account_type_direct_costs,l10n_ec_ifrs
ec51020204,51020204,ALIMENTACION,FALSE,account.data_account_type_direct_costs,l10n_ec_ifrs
ec5102020501,5102020501,IMPUESTO A LA RENTA EMPLEADOS ASUMIDO POR LA EMPRESA,FALSE,account.data_account_type_direct_costs,l10n_ec_ifrs
ec5102020502,5102020502,TRANSPORTE,FALSE,account.data_account_type_direct_costs,l10n_ec_ifrs
ec51020301,51020301,APORTE PATRONAL,FALSE,account.data_account_type_direct_costs,l10n_ec_ifrs
ec51020302,51020302,FONDOS DE RESERVA,FALSE,account.data_account_type_direct_costs,l10n_ec_ifrs
ec51020401,51020401,DECIMO TERCER SUELDO,FALSE,account.data_account_type_direct_costs,l10n_ec_ifrs
ec51020402,51020402,DECIMO CUARTO SUELDO,FALSE,account.data_account_type_direct_costs,l10n_ec_ifrs
ec51020403,51020403,VACACIONES,FALSE,account.data_account_type_direct_costs,l10n_ec_ifrs
ec51020404,51020404,DESPICO INTEMPESTIVO ,FALSE,account.data_account_type_direct_costs,l10n_ec_ifrs
ec51020405,51020405,DESAHUCIO,FALSE,account.data_account_type_direct_costs,l10n_ec_ifrs
ec51020406,51020406,OTROS BENEFICIOS E INDEMNIZACIONES,FALSE,account.data_account_type_direct_costs,l10n_ec_ifrs
ec51030101,51030101,"SUELDOS, SALARIOS Y DEMAS REMUNERACIONES",FALSE,account.data_account_type_direct_costs,l10n_ec_ifrs
ec51030102,51030102,HORAS EXTRA,FALSE,account.data_account_type_direct_costs,l10n_ec_ifrs
ec51030103,51030103,BONIFICACIONES POR DESEMPEÑO,FALSE,account.data_account_type_direct_costs,l10n_ec_ifrs
ec51030201,51030201,SEGURO MEDICO ,FALSE,account.data_account_type_direct_costs,l10n_ec_ifrs
ec51030202,51030202,CAPACITACION,FALSE,account.data_account_type_direct_costs,l10n_ec_ifrs
ec51030203,51030203,UNIFORMES,FALSE,account.data_account_type_direct_costs,l10n_ec_ifrs
ec51030204,51030204,ALIMENTACION,FALSE,account.data_account_type_direct_costs,l10n_ec_ifrs
ec5103020501,5103020501,IMPUESTO A LA RENTA EMPLEADOS ASUMIDO POR LA EMPRESA,FALSE,account.data_account_type_direct_costs,l10n_ec_ifrs
ec5103020502,5103020502,TRANSPORTE,FALSE,account.data_account_type_direct_costs,l10n_ec_ifrs
ec51030301,51030301,APORTE PATRONAL,FALSE,account.data_account_type_direct_costs,l10n_ec_ifrs
ec51030302,51030302,FONDOS DE RESERVA,FALSE,account.data_account_type_direct_costs,l10n_ec_ifrs
ec51030401,51030401,DECIMO TERCER SUELDO,FALSE,account.data_account_type_direct_costs,l10n_ec_ifrs
ec51030402,51030402,DECIMO CUARTO SUELDO,FALSE,account.data_account_type_direct_costs,l10n_ec_ifrs
ec51030403,51030403,VACACIONES,FALSE,account.data_account_type_direct_costs,l10n_ec_ifrs
ec51030404,51030404,DESPICO INTEMPESTIVO ,FALSE,account.data_account_type_direct_costs,l10n_ec_ifrs
ec51030405,51030405,DESAHUCIO,FALSE,account.data_account_type_direct_costs,l10n_ec_ifrs
ec51030406,51030406,OTROS BENEFICIOS E INDEMNIZACIONES,FALSE,account.data_account_type_direct_costs,l10n_ec_ifrs
ec51040101,51040101,EDIFICIOS,FALSE,account.data_account_type_depreciation,l10n_ec_ifrs
ec51040102,51040102,CONTRUCCIONES EN CURSO,FALSE,account.data_account_type_depreciation,l10n_ec_ifrs
ec51040103,51040103,INSTALACIONES,FALSE,account.data_account_type_depreciation,l10n_ec_ifrs
ec51040104,51040104,MUEBLES Y ENSERES,FALSE,account.data_account_type_depreciation,l10n_ec_ifrs
ec51040105,51040105,MAQUINARIA Y EQUIPO,FALSE,account.data_account_type_depreciation,l10n_ec_ifrs
ec51040106,51040106,"NAVES, AERONAVES, BARCAZAS Y SIMILARES",FALSE,account.data_account_type_depreciation,l10n_ec_ifrs
ec51040107,51040107,EQUIPO DE COMPUTACION,FALSE,account.data_account_type_depreciation,l10n_ec_ifrs
ec51040108,51040108,"VEHICULOS, EQUIPOS DE TRANSPORTE Y EQUIPO CAMINERO MOVIL",FALSE,account.data_account_type_depreciation,l10n_ec_ifrs
ec51040109,51040109,"OTROS PROPIEDADES, PLANTA Y EQUIPO",FALSE,account.data_account_type_depreciation,l10n_ec_ifrs
ec51040110,51040110,REPUESTOS Y HERRAMIENTAS,FALSE,account.data_account_type_depreciation,l10n_ec_ifrs
ec510402,510402,DETERIORO O PÉRDIDAS DE ACTIVOS BIOLÓGICOS,FALSE,account.data_account_type_direct_costs,l10n_ec_ifrs
ec51040301,51040301,EDIFICIOS,FALSE,account.data_account_type_direct_costs,l10n_ec_ifrs
ec51040302,51040302,CONTRUCCIONES EN CURSO,FALSE,account.data_account_type_direct_costs,l10n_ec_ifrs
ec51040303,51040303,INSTALACIONES,FALSE,account.data_account_type_direct_costs,l10n_ec_ifrs
ec51040304,51040304,MUEBLES Y ENSERES,FALSE,account.data_account_type_direct_costs,l10n_ec_ifrs
ec51040305,51040305,MAQUINARIA Y EQUIPO,FALSE,account.data_account_type_direct_costs,l10n_ec_ifrs
ec51040306,51040306,"NAVES, AERONAVES, BARCAZAS Y SIMILARES",FALSE,account.data_account_type_direct_costs,l10n_ec_ifrs
ec51040307,51040307,EQUIPO DE COMPUTACION,FALSE,account.data_account_type_direct_costs,l10n_ec_ifrs
ec51040308,51040308,"VEHICULOS, EQUIPOS DE TRANSPORTE Y EQUIPO CAMINERO MOVIL",FALSE,account.data_account_type_direct_costs,l10n_ec_ifrs
ec51040309,51040309,"OTROS PROPIEDADES, PLANTA Y EQUIPO",FALSE,account.data_account_type_direct_costs,l10n_ec_ifrs
ec51040310,51040310,REPUESTOS Y HERRAMIENTAS,FALSE,account.data_account_type_direct_costs,l10n_ec_ifrs
ec510404,510404,EFECTO VALOR NETO DE REALIZACION DE INVENTARIOS,FALSE,account.data_account_type_direct_costs,l10n_ec_ifrs
ec510405,510405,GASTO POR GARANTIAS EN VENTA DE PRODUCTOS O SERVICIOS,FALSE,account.data_account_type_direct_costs,l10n_ec_ifrs
ec510406,510406,MANTENIMIENTO Y REPARACIONES,FALSE,account.data_account_type_direct_costs,l10n_ec_ifrs
ec510407,510407,SUMINISTROS MATERIALES Y REPUESTOS,FALSE,account.data_account_type_direct_costs,l10n_ec_ifrs
ec51040801,51040801,OTROS COSTOS DE PRODUCCION,FALSE,account.data_account_type_direct_costs,l10n_ec_ifrs
ec52010101,52010101,"SUELDOS, SALARIOS Y DEMAS REMUNERACIONES",FALSE,account.data_account_type_expenses,l10n_ec_ifrs
ec52010102,52010102,HORAS EXTRA,FALSE,account.data_account_type_expenses,l10n_ec_ifrs
ec52010103,52010103,BONIFICACIONES POR DESEMPEÑO,FALSE,account.data_account_type_expenses,l10n_ec_ifrs
ec52010201,52010201,APORTE PATRONAL,FALSE,account.data_account_type_expenses,l10n_ec_ifrs
ec52010202,52010202,FONDOS DE RESERVA,FALSE,account.data_account_type_expenses,l10n_ec_ifrs
ec52010301,52010301,DECIMO TERCER SUELDO,FALSE,account.data_account_type_expenses,l10n_ec_ifrs
ec52010302,52010302,DECIMO CUARTO SUELDO,FALSE,account.data_account_type_expenses,l10n_ec_ifrs
ec52010303,52010303,VACACIONES,FALSE,account.data_account_type_expenses,l10n_ec_ifrs
ec52010304,52010304,DESPICO INTEMPESTIVO ,FALSE,account.data_account_type_expenses,l10n_ec_ifrs
ec52010305,52010305,DESAHUCIO,FALSE,account.data_account_type_expenses,l10n_ec_ifrs
ec52010306,52010306,OTROS BENEFICIOS E INDEMNIZACIONES,FALSE,account.data_account_type_expenses,l10n_ec_ifrs
ec52010401,52010401,SEGURO MEDICO ,FALSE,account.data_account_type_expenses,l10n_ec_ifrs
ec52010402,52010402,CAPACITACION,FALSE,account.data_account_type_expenses,l10n_ec_ifrs
ec52010403,52010403,UNIFORMES,FALSE,account.data_account_type_expenses,l10n_ec_ifrs
ec52010404,52010404,ALIMENTACION,FALSE,account.data_account_type_expenses,l10n_ec_ifrs
ec5201040501,5201040501,IMPUESTO A LA RENTA EMPLEADOS ASUMIDO POR LA EMPRESA,FALSE,account.data_account_type_direct_costs,l10n_ec_ifrs
ec5201040502,5201040502,TRANSPORTE,FALSE,account.data_account_type_direct_costs,l10n_ec_ifrs
ec520105,520105,"HONORARIOS, COMISIONES Y DIETAS A PERSONAS NATURALES",FALSE,account.data_account_type_expenses,l10n_ec_ifrs
ec520106,520106,REMUNERACIONES A OTROS TRABAJADORES AUTONOMOS,FALSE,account.data_account_type_expenses,l10n_ec_ifrs
ec520107,520107,HONORARIOS A EXTRANJEROS POR SERVICIOS OCASIONALES,FALSE,account.data_account_type_expenses,l10n_ec_ifrs
ec520108,520108,MANTENIMIENTO Y REPARACIONES,FALSE,account.data_account_type_expenses,l10n_ec_ifrs
ec520109,520109,ARRENDAMIENTO OPERATIVO,FALSE,account.data_account_type_expenses,l10n_ec_ifrs
ec520110,520110,COMISIONES,FALSE,account.data_account_type_expenses,l10n_ec_ifrs
ec520111,520111,PROMOCION Y PUBLICIDAD,FALSE,account.data_account_type_expenses,l10n_ec_ifrs
ec520112,520112,COMBUSTIBLES,FALSE,account.data_account_type_expenses,l10n_ec_ifrs
ec520113,520113,LUBRICANTES,FALSE,account.data_account_type_expenses,l10n_ec_ifrs
ec520114,520114,SEGUROS Y REASEGUROS (primas y cesiones),FALSE,account.data_account_type_expenses,l10n_ec_ifrs
ec520115,520115,TRANSPORTE,FALSE,account.data_account_type_expenses,l10n_ec_ifrs
ec520116,520116,"GASTOS DE GESTION (agasajos a accionistas, trabajadores y clientes)",FALSE,account.data_account_type_expenses,l10n_ec_ifrs
ec520117,520117,GASTOS DE VIAJE,FALSE,account.data_account_type_expenses,l10n_ec_ifrs
ec52011801,52011801,AGUA POTABLE,FALSE,account.data_account_type_expenses,l10n_ec_ifrs
ec52011802,52011802,ENERGIA ELECTRICA,FALSE,account.data_account_type_expenses,l10n_ec_ifrs
ec52011803,52011803,TELEFONIA FIJA,FALSE,account.data_account_type_expenses,l10n_ec_ifrs
ec52011804,52011804,TELEFONIA MOVIL,FALSE,account.data_account_type_expenses,l10n_ec_ifrs
ec520119,520119,NOTARIOS Y REGISTRADORES DE LA PROPIEDAD O MERCANTILES,FALSE,account.data_account_type_expenses,l10n_ec_ifrs
ec520120,520120,"IMPUESTOS, CONTRIBUCIONES Y OTROS",FALSE,account.data_account_type_expenses,l10n_ec_ifrs
ec5201210101,5201210101,EDIFICIOS,FALSE,account.data_account_type_depreciation,l10n_ec_ifrs
ec5201210102,5201210102,CONTRUCCIONES EN CURSO,FALSE,account.data_account_type_depreciation,l10n_ec_ifrs
ec5201210103,5201210103,INSTALACIONES,FALSE,account.data_account_type_depreciation,l10n_ec_ifrs
ec5201210104,5201210104,MUEBLES Y ENSERES,FALSE,account.data_account_type_depreciation,l10n_ec_ifrs
ec5201210105,5201210105,MAQUINARIA Y EQUIPO,FALSE,account.data_account_type_depreciation,l10n_ec_ifrs
ec5201210106,5201210106,"NAVES, AERONAVES, BARCAZAS Y SIMILARES",FALSE,account.data_account_type_depreciation,l10n_ec_ifrs
ec5201210107,5201210107,EQUIPO DE COMPUTACION,FALSE,account.data_account_type_depreciation,l10n_ec_ifrs
ec5201210108,5201210108,"VEHICULOS, EQUIPOS DE TRANSPORTE Y EQUIPO CAMINERO MOVIL",FALSE,account.data_account_type_depreciation,l10n_ec_ifrs
ec5201210109,5201210109,"OTROS PROPIEDADES, PLANTA Y EQUIPO",FALSE,account.data_account_type_depreciation,l10n_ec_ifrs
ec5201210110,5201210110,REPUESTOS Y HERRAMIENTAS,FALSE,account.data_account_type_depreciation,l10n_ec_ifrs
ec52012102,52012102,PROPIEDADES DE INVERSION,FALSE,account.data_account_type_depreciation,l10n_ec_ifrs
ec52012201,52012201,INTANGIBLES,FALSE,account.data_account_type_expenses,l10n_ec_ifrs
ec52012202,52012202,OTROS ACTIVOS,FALSE,account.data_account_type_expenses,l10n_ec_ifrs
ec5201230101,5201230101,EDIFICIOS,FALSE,account.data_account_type_expenses,l10n_ec_ifrs
ec5201230102,5201230102,CONTRUCCIONES EN CURSO,FALSE,account.data_account_type_expenses,l10n_ec_ifrs
ec5201230103,5201230103,INSTALACIONES,FALSE,account.data_account_type_expenses,l10n_ec_ifrs
ec5201230104,5201230104,MUEBLES Y ENSERES,FALSE,account.data_account_type_expenses,l10n_ec_ifrs
ec5201230105,5201230105,MAQUINARIA Y EQUIPO,FALSE,account.data_account_type_expenses,l10n_ec_ifrs
ec5201230106,5201230106,"NAVES, AERONAVES, BARCAZAS Y SIMILARES",FALSE,account.data_account_type_expenses,l10n_ec_ifrs
ec5201230107,5201230107,EQUIPO DE COMPUTACION,FALSE,account.data_account_type_expenses,l10n_ec_ifrs
ec5201230108,5201230108,"VEHICULOS, EQUIPOS DE TRANSPORTE Y EQUIPO CAMINERO MOVIL",FALSE,account.data_account_type_expenses,l10n_ec_ifrs
ec5201230109,5201230109,"OTROS PROPIEDADES, PLANTA Y EQUIPO",FALSE,account.data_account_type_expenses,l10n_ec_ifrs
ec5201230110,5201230110,REPUESTOS Y HERRAMIENTAS,FALSE,account.data_account_type_expenses,l10n_ec_ifrs
ec52012302,52012302,INSTRUMENTOS FINANCIEROS,FALSE,account.data_account_type_expenses,l10n_ec_ifrs
ec52012303,52012303,INTANGIBLES,FALSE,account.data_account_type_expenses,l10n_ec_ifrs
ec52012304,52012304,CUENTAS POR COBRAR,FALSE,account.data_account_type_expenses,l10n_ec_ifrs
ec52012305,52012305,OTROS ACTIVOS,FALSE,account.data_account_type_expenses,l10n_ec_ifrs
ec520124,520124,GASTOS POR CANTIDADES ANORMALES DE UTILIZACIÓN EN EL PROCESO DE PRODUCCIÓN,FALSE,account.data_account_type_expenses,l10n_ec_ifrs
ec520125,520125,GASTO POR REESTRUCTURACION,FALSE,account.data_account_type_expenses,l10n_ec_ifrs
ec520126,520126,VALOR NETO DE REALIZACION DE INVENTARIOS,FALSE,account.data_account_type_expenses,l10n_ec_ifrs
ec52012701,52012701,SERVICIO DE IMPRENTA,FALSE,account.data_account_type_expenses,l10n_ec_ifrs
ec52012702,52012702,SUMINISTROS DE OFICINA,FALSE,account.data_account_type_expenses,l10n_ec_ifrs
ec52012703,52012703,SUMINISTROS Y ARTICULOS DE ASEO Y LIMPIEZA,FALSE,account.data_account_type_expenses,l10n_ec_ifrs
ec52012704,52012704,ALÍCUOTAS Y CONDOMINIO,FALSE,account.data_account_type_expenses,l10n_ec_ifrs
ec52012705,52012705,"GUIAS, COURIERS, CORREOS",FALSE,account.data_account_type_expenses,l10n_ec_ifrs
ec52012706,52012706,"PEAJES, PARQUEADEROS Y OTROS",FALSE,account.data_account_type_expenses,l10n_ec_ifrs
ec52012707,52012707,"CAPACITACIÓN, CURSOS Y SEMINARIOS",FALSE,account.data_account_type_expenses,l10n_ec_ifrs
ec52012708,52012708,ALIMENTACIÓN Y REFRIGERIOS,FALSE,account.data_account_type_expenses,l10n_ec_ifrs
ec52012709,52012709,SEGURIDAD Y VIGILANCIA,FALSE,account.data_account_type_expenses,l10n_ec_ifrs
ec52012710,52012710,SERVICIOS DE LIMPIEZA,FALSE,account.data_account_type_expenses,l10n_ec_ifrs
ec52012711,52012711,OTROS IMPUESTOS,FALSE,account.data_account_type_expenses,l10n_ec_ifrs
ec52012712,52012712,MANTENIMIENTO EQUIPO COMPUTO,FALSE,account.data_account_type_expenses,l10n_ec_ifrs
ec52012713,52012713,GASTOS LEGALES,FALSE,account.data_account_type_expenses,l10n_ec_ifrs
ec52012714,52012714,SERVICIOS CONTRATADOS A TERCEROS,FALSE,account.data_account_type_expenses,l10n_ec_ifrs
ec52012715,52012715,OTROS GASTOS,FALSE,account.data_account_type_expenses,l10n_ec_ifrs
ec52020101,52020101,"SUELDOS, SALARIOS Y DEMAS REMUNERACIONES",FALSE,account.data_account_type_expenses,l10n_ec_ifrs
ec52020102,52020102,HORAS EXTRA,FALSE,account.data_account_type_expenses,l10n_ec_ifrs
ec52020103,52020103,BONIFICACIONES POR DESEMPEÑO,FALSE,account.data_account_type_expenses,l10n_ec_ifrs
ec52020201,52020201,APORTE PATRONAL,FALSE,account.data_account_type_expenses,l10n_ec_ifrs
ec52020202,52020202,FONDOS DE RESERVA,FALSE,account.data_account_type_expenses,l10n_ec_ifrs
ec52020301,52020301,DECIMO TERCER SUELDO,FALSE,account.data_account_type_expenses,l10n_ec_ifrs
ec52020302,52020302,DECIMO CUARTO SUELDO,FALSE,account.data_account_type_expenses,l10n_ec_ifrs
ec52020303,52020303,VACACIONES,FALSE,account.data_account_type_expenses,l10n_ec_ifrs
ec52020304,52020304,DESPICO INTEMPESTIVO ,FALSE,account.data_account_type_expenses,l10n_ec_ifrs
ec52020305,52020305,DESAHUCIO,FALSE,account.data_account_type_expenses,l10n_ec_ifrs
ec52020306,52020306,OTROS BENEFICIOS E INDEMNIZACIONES,FALSE,account.data_account_type_expenses,l10n_ec_ifrs
ec52020401,52020401,SEGURO MEDICO ,FALSE,account.data_account_type_expenses,l10n_ec_ifrs
ec52020402,52020402,CAPACITACION,FALSE,account.data_account_type_expenses,l10n_ec_ifrs
ec52020403,52020403,UNIFORMES,FALSE,account.data_account_type_expenses,l10n_ec_ifrs
ec52020404,52020404,ALIMENTACION,FALSE,account.data_account_type_expenses,l10n_ec_ifrs
ec52020405,52020405,OTROS GASTOS DE PLANES DE BENEFICIOS A EMPLEADOS,FALSE,account.data_account_type_expenses,l10n_ec_ifrs
ec5202040501,5202040501,IMPUESTO A LA RENTA EMPLEADOS ASUMIDO POR LA EMPRESA,FALSE,account.data_account_type_direct_costs,l10n_ec_ifrs
ec5202040502,5202040502,TRANSPORTE,FALSE,account.data_account_type_direct_costs,l10n_ec_ifrs
ec520205,520205,"HONORARIOS, COMISIONES Y DIETAS A PERSONAS NATURALES",FALSE,account.data_account_type_expenses,l10n_ec_ifrs
ec520206,520206,REMUNERACIONES A OTROS TRABAJADORES AUTONOMOS,FALSE,account.data_account_type_expenses,l10n_ec_ifrs
ec520207,520207,HONORARIOS A EXTRANJEROS POR SERVICIOS OCASIONALES,FALSE,account.data_account_type_expenses,l10n_ec_ifrs
ec520208,520208,MANTENIMIENTO Y REPARACIONES,FALSE,account.data_account_type_expenses,l10n_ec_ifrs
ec520209,520209,ARRENDAMIENTO OPERATIVO,FALSE,account.data_account_type_expenses,l10n_ec_ifrs
ec520210,520210,COMISIONES,FALSE,account.data_account_type_expenses,l10n_ec_ifrs
ec520211,520211,PROMOCION Y PUBLICIDAD,FALSE,account.data_account_type_expenses,l10n_ec_ifrs
ec520212,520212,COMBUSTIBLES,FALSE,account.data_account_type_expenses,l10n_ec_ifrs
ec520213,520213,LUBRICANTES,FALSE,account.data_account_type_expenses,l10n_ec_ifrs
ec520214,520214,SEGUROS Y REASEGUROS (primas y cesiones),FALSE,account.data_account_type_expenses,l10n_ec_ifrs
ec520215,520215,TRANSPORTE,FALSE,account.data_account_type_expenses,l10n_ec_ifrs
ec520216,520216,"GASTOS DE GESTION (agasajos a accionistas, trabajadores y clientes)",FALSE,account.data_account_type_expenses,l10n_ec_ifrs
ec520217,520217,GASTOS DE VIAJE,FALSE,account.data_account_type_expenses,l10n_ec_ifrs
ec52021801,52021801,AGUA POTABLE,FALSE,account.data_account_type_expenses,l10n_ec_ifrs
ec52021802,52021802,ENERGIA ELECTRICA,FALSE,account.data_account_type_expenses,l10n_ec_ifrs
ec52021803,52021803,TELEFONIA FIJA,FALSE,account.data_account_type_expenses,l10n_ec_ifrs
ec52021804,52021804,TELEFONIA MOVIL,FALSE,account.data_account_type_expenses,l10n_ec_ifrs
ec520219,520219,NOTARIOS Y REGISTRADORES DE LA PROPIEDAD O MERCANTILES,FALSE,account.data_account_type_expenses,l10n_ec_ifrs
ec52022001,52022001,PATENTE MUNICIPAL,FALSE,account.data_account_type_expenses,l10n_ec_ifrs
ec52022002,52022002,1.5X MIL ACTIVOS TOTALES,FALSE,account.data_account_type_expenses,l10n_ec_ifrs
ec52022003,52022003,CONTRIBUCIONES SUPER CIAS.,FALSE,account.data_account_type_expenses,l10n_ec_ifrs
ec52022004,52022004,CAMARA DE COMERCIO,FALSE,account.data_account_type_expenses,l10n_ec_ifrs
ec52022005,52022005,OTROS IMPUESTOS,FALSE,account.data_account_type_expenses,l10n_ec_ifrs
ec5202210101,5202210101,EDIFICIOS,FALSE,account.data_account_type_depreciation,l10n_ec_ifrs
ec5202210102,5202210102,CONTRUCCIONES EN CURSO,FALSE,account.data_account_type_depreciation,l10n_ec_ifrs
ec5202210103,5202210103,INSTALACIONES,FALSE,account.data_account_type_depreciation,l10n_ec_ifrs
ec5202210104,5202210104,MUEBLES Y ENSERES,FALSE,account.data_account_type_depreciation,l10n_ec_ifrs
ec5202210105,5202210105,MAQUINARIA Y EQUIPO,FALSE,account.data_account_type_depreciation,l10n_ec_ifrs
ec5202210106,5202210106,"NAVES, AERONAVES, BARCAZAS Y SIMILARES",FALSE,account.data_account_type_depreciation,l10n_ec_ifrs
ec5202210107,5202210107,EQUIPO DE COMPUTACION,FALSE,account.data_account_type_depreciation,l10n_ec_ifrs
ec5202210108,5202210108,"VEHICULOS, EQUIPOS DE TRANSPORTE Y EQUIPO CAMINERO MOVIL",FALSE,account.data_account_type_depreciation,l10n_ec_ifrs
ec5202210109,5202210109,"OTROS PROPIEDADES, PLANTA Y EQUIPO",FALSE,account.data_account_type_depreciation,l10n_ec_ifrs
ec5202210110,5202210110,REPUESTOS Y HERRAMIENTAS,FALSE,account.data_account_type_depreciation,l10n_ec_ifrs
ec52022102,52022102,PROPIEDADES DE INVERSION,FALSE,account.data_account_type_depreciation,l10n_ec_ifrs
ec52022201,52022201,INTANGIBLES,FALSE,account.data_account_type_expenses,l10n_ec_ifrs
ec52022202,52022202,OTROS ACTIVOS,FALSE,account.data_account_type_expenses,l10n_ec_ifrs
ec5202230101,5202230101,EDIFICIOS,FALSE,account.data_account_type_expenses,l10n_ec_ifrs
ec5202230102,5202230102,CONTRUCCIONES EN CURSO,FALSE,account.data_account_type_expenses,l10n_ec_ifrs
ec5202230103,5202230103,INSTALACIONES,FALSE,account.data_account_type_expenses,l10n_ec_ifrs
ec5202230104,5202230104,MUEBLES Y ENSERES,FALSE,account.data_account_type_expenses,l10n_ec_ifrs
ec5202230105,5202230105,MAQUINARIA Y EQUIPO,FALSE,account.data_account_type_expenses,l10n_ec_ifrs
ec5202230106,5202230106,"NAVES, AERONAVES, BARCAZAS Y SIMILARES",FALSE,account.data_account_type_expenses,l10n_ec_ifrs
ec5202230107,5202230107,EQUIPO DE COMPUTACION,FALSE,account.data_account_type_expenses,l10n_ec_ifrs
ec5202230108,5202230108,"VEHICULOS, EQUIPOS DE TRANSPORTE Y EQUIPO CAMINERO MOVIL",FALSE,account.data_account_type_expenses,l10n_ec_ifrs
ec5202230109,5202230109,"OTROS PROPIEDADES, PLANTA Y EQUIPO",FALSE,account.data_account_type_expenses,l10n_ec_ifrs
ec5202230110,5202230110,REPUESTOS Y HERRAMIENTAS,FALSE,account.data_account_type_expenses,l10n_ec_ifrs
ec52022302,52022302,INVENTARIOS,FALSE,account.data_account_type_expenses,l10n_ec_ifrs
ec52022303,52022303,INSTRUMENTOS FINANCIEROS,FALSE,account.data_account_type_expenses,l10n_ec_ifrs
ec52022304,52022304,INTANGIBLES,FALSE,account.data_account_type_expenses,l10n_ec_ifrs
ec52022305,52022305,CUENTAS POR COBRAR,FALSE,account.data_account_type_expenses,l10n_ec_ifrs
ec52022306,52022306,OTROS ACTIVOS,FALSE,account.data_account_type_expenses,l10n_ec_ifrs
ec520224,520224,GASTOS POR CANTIDADES ANORMALES DE UTILIZACIÓN EN EL PROCESO DE PRODUCCIÓN,FALSE,account.data_account_type_expenses,l10n_ec_ifrs
ec520225,520225,GASTO POR REESTRUCTURACION,FALSE,account.data_account_type_expenses,l10n_ec_ifrs
ec520226,520226,VALOR NETO DE REALIZACION DE INVENTARIOS,FALSE,account.data_account_type_expenses,l10n_ec_ifrs
ec520227,520227,GASTO IMPUESTO A LA RENTA (ACTIVOS Y PASIVOS DIFERIDOS),FALSE,account.data_account_type_expenses,l10n_ec_ifrs
ec52022801,52022801,SUMINISTROS DE OFICINA,FALSE,account.data_account_type_expenses,l10n_ec_ifrs
ec52022802,52022802,SUMINISTROS Y ARTÍCULOS DE ASEO Y LIMPIEZA,FALSE,account.data_account_type_expenses,l10n_ec_ifrs
ec52022803,52022803,ALÍCUOTAS Y CONDOMINIO,FALSE,account.data_account_type_expenses,l10n_ec_ifrs
ec52022804,52022804,"GUIAS, COURIERS, CORREOS",FALSE,account.data_account_type_expenses,l10n_ec_ifrs
ec52022805,52022805,"PEAJES, PARQUEADEROS Y OTROS",FALSE,account.data_account_type_expenses,l10n_ec_ifrs
ec52022806,52022806,"CAPACITACIÓN, CURSOS Y SEMINARIOS",FALSE,account.data_account_type_expenses,l10n_ec_ifrs
ec52022807,52022807,ALIMENTACIÓN Y REFRIGERIOS,FALSE,account.data_account_type_expenses,l10n_ec_ifrs
ec52022808,52022808,SEGURIDAD Y VIGILANCIA,FALSE,account.data_account_type_expenses,l10n_ec_ifrs
ec52022809,52022809,SERVICIOS DE LIMPIEZA,FALSE,account.data_account_type_expenses,l10n_ec_ifrs
ec52022810,52022810,OTROS IMPUESTOS,FALSE,account.data_account_type_expenses,l10n_ec_ifrs
ec52022811,52022811,MANTENIMIENTO EQUIPO COMPUTO,FALSE,account.data_account_type_expenses,l10n_ec_ifrs
ec52022812,52022812,MATERIAL DE OSTEOSINTESIS,FALSE,account.data_account_type_expenses,l10n_ec_ifrs
ec52022813,52022813,GASTOS DE CONSTRUCCIÓN,FALSE,account.data_account_type_expenses,l10n_ec_ifrs
ec52022814,52022814,GASTOS LEGALES,FALSE,account.data_account_type_expenses,l10n_ec_ifrs
ec52022815,52022815,SERVICIOS CONTRATADOS A TERCEROS,FALSE,account.data_account_type_expenses,l10n_ec_ifrs
ec52022816,52022816,OTROS GASTOS,FALSE,account.data_account_type_expenses,l10n_ec_ifrs
ec52022817,52022817,RECOLECCIÓN RESIDUOS,FALSE,account.data_account_type_expenses,l10n_ec_ifrs
ec5202281801,5202281801,GND SUMINISTROS,FALSE,account.data_account_type_expenses,l10n_ec_ifrs
ec5202281802,5202281802,GND GASTOS DE GESTION Y AGASAJOS A CLIENTES Y EMPLEADOS,FALSE,account.data_account_type_expenses,l10n_ec_ifrs
ec5202281803,5202281803,GND RETENCIONES ASUMIDAS,FALSE,account.data_account_type_expenses,l10n_ec_ifrs
ec5202281804,5202281804,GND SOPORTE TECNICO,FALSE,account.data_account_type_expenses,l10n_ec_ifrs
ec5202281805,5202281805,GND MOVILIZACIÓN NO DEDUCIBLE,FALSE,account.data_account_type_expenses,l10n_ec_ifrs
ec5202281806,5202281806,"GND IMPUESTOS, INTERESES Y MULTAS",FALSE,account.data_account_type_expenses,l10n_ec_ifrs
ec5202281807,5202281807,GND SALIDAS DE DIVISAS,FALSE,account.data_account_type_expenses,l10n_ec_ifrs
ec5202281808,5202281808,GND OTROS GASTOS NO DEDUCIBLES,FALSE,account.data_account_type_expenses,l10n_ec_ifrs
ec520301,520301,INTERESES,FALSE,account.data_account_type_expenses,l10n_ec_ifrs
ec520302,520302,COMISIONES,FALSE,account.data_account_type_expenses,l10n_ec_ifrs
ec520303,520303,GASTOS DE FINANCIAMIENTO DE ACTIVOS,FALSE,account.data_account_type_expenses,l10n_ec_ifrs
ec520304,520304,DIFERENCIA EN CAMBIO,FALSE,account.data_account_type_expenses,l10n_ec_ifrs
ec520305,520305,OTROS GASTOS FINANCIEROS,FALSE,account.data_account_type_expenses,l10n_ec_ifrs
ec520401,520401,PERDIDA EN INVERSIONES EN ASOCIADAS / SUBSIDIARIAS Y OTRAS,FALSE,account.data_account_type_expenses,l10n_ec_ifrs
ec52040201,52040201,Otros Gastos,FALSE,account.data_account_type_expenses,l10n_ec_ifrs
ec99999999,99999999,CIERRE ANUAL DEL EJERCICIO FISCAL (Cuenta del Sistema),FALSE,account.data_unaffected_earnings,l10n_ec_ifrs
