<?xml version="1.0" encoding="utf-8"?>
<odoo>
    <data noupdate="1">

        <record id="bank_ec_solidario" model="res.bank">
            <field name="name">Banco Solidario</field>
            <field name="country" ref="base.ec"/>
        </record>

        <record id="bank_ec_produbanco" model="res.bank">
            <field name="name">Banco Produbanco</field>
            <field name="country" ref="base.ec"/>
        </record>

        <record id="bank_ec_pichincha" model="res.bank">
            <field name="name">Banco Pichincha</field>
            <field name="country" ref="base.ec"/>
        </record>

        <record id="bank_ec_internacional" model="res.bank">
            <field name="name">Banco Internacional</field>
            <field name="country" ref="base.ec"/>
        </record>

        <record id="bank_ec_amazonas" model="res.bank">
            <field name="name">Banco Amazonas</field>
            <field name="country" ref="base.ec"/>
        </record>

        <record id="bank_ec_guayaquil" model="res.bank">
            <field name="name">Banco de Guayaquil</field>
            <field name="country" ref="base.ec"/>
        </record>

        <record id="bank_ec_gnralrumi" model="res.bank">
            <field name="name">Banco General Rumiñahui</field>
            <field name="country" ref="base.ec"/>
        </record>

        <record id="bank_ec_pacifico" model="res.bank">
            <field name="name">Banco del Pacífico</field>
            <field name="country" ref="base.ec"/>
        </record>

        <record id="bank_ec_loja" model="res.bank">
            <field name="name">Banco de Loja</field>
            <field name="country" ref="base.ec"/>
        </record>

        <record id="bank_ec_austro" model="res.bank">
            <field name="name">Banco del Austro</field>
            <field name="country" ref="base.ec"/>
        </record>

        <record id="bank_ec_bolivariano" model="res.bank">
            <field name="name">Banco Bolivariano</field>
            <field name="country" ref="base.ec"/>
        </record>

        <record id="bank_ec_machala" model="res.bank">
            <field name="name">Banco de Machala</field>
            <field name="country" ref="base.ec"/>
        </record>

        <record id="bank_ec_bank" model="res.bank">
            <field name="name">Banco Del Bank</field>
            <field name="country" ref="base.ec"/>
        </record>

        <record id="bank_ec_capital" model="res.bank">
            <field name="name">Banco Capital</field>
            <field name="country" ref="base.ec"/>
        </record>

        <record id="bank_ec_manabi" model="res.bank">
            <field name="name">Banco Comercial de Manabí</field>
            <field name="country" ref="base.ec"/>
        </record>

        <record id="bank_ec_coopnacional" model="res.bank">
            <field name="name">Banco Coopnacional</field>
            <field name="country" ref="base.ec"/>
        </record>

        <record id="bank_ec_dmiro" model="res.bank">
            <field name="name">Banco D-Miro</field>
            <field name="country" ref="base.ec"/>
        </record>

        <record id="bank_ec_finca" model="res.bank">
            <field name="name">Banco Finca</field>
            <field name="country" ref="base.ec"/>
        </record>

        <record id="bank_ec_litoral" model="res.bank">
            <field name="name">Banco Litoral</field>
            <field name="country" ref="base.ec"/>
        </record>

        <record id="bank_ec_bancodesarrollo" model="res.bank">
            <field name="name">Bancodesarrollo</field>
            <field name="country" ref="base.ec"/>
        </record>

        <record id="bank_ec_citibank" model="res.bank">
            <field name="name">CITIBANK</field>
            <field name="country" ref="base.ec"/>
        </record>

    </data>
</odoo>