<?xml version="1.0" ?>
<odoo>

    <!-- Plantilla de Correo Factura Electrónica -->

    <record id="email_template_einvoice" model="mail.template">
      <field name="name">Send eInvoice</field>
      <field name="email_from">${('noresponder@sample.com')|safe}</field>
      <field name="subject">FACTURA ELECTRONICA ${object.company_id.name}</field>
      <field name="partner_to">${object.partner_id.id}</field>
      <field name="model_id" ref="account.model_account_move"/>
      <field name="auto_delete" eval="True"/>
      <field name="report_template" ref="account.account_invoices"/>
      <field name="report_name">FACTURA_${(object.number or '').replace('/','_')}</field>
      <field name="lang">${object.partner_id.lang}</field>
      <field name="body_html"><![CDATA[
      Estimad@ ${ object.partner_id.name },
      adjunto encontrará su factura electrónica número ${object.invoice_number}, con fecha
      de emisión ${object.invoice_date} por un total de ${object.amount_total}.

      ]]>
      </field>
    </record>

</odoo>
